{
    "fork_sim_code": "clipped_the_ville_n25",
    "start_date": "February 13, 2023",
    "curr_time": "February 13, 2023, 00:00:00",
    "sec_per_step": 60,
    "maze_name": "the_ville",
    "persona_names": [
        "Isabella Rodriguez",
        "Adam Smith",
        "Tom Moreno",
        "Arthur Burton",
        "Ayesha Khan",
        "Jennifer Moore",
        "Francisco Lopez",
        "Abigail Chen",
        "Rajiv Patel",
        "Mei Lin",
        "Carmen Ortiz",
        "Jane Moreno",
        "Hailey Johnson"
    ],
    "step": 0
}