{
  "vision_r": 8, 
  "att_bandwidth": 8, 
  "retention": 8, 
  "curr_time": null, 
  "curr_tile": null, 
  "daily_plan_req": "", 
  "name": "Tamara Taylor", 
  "first_name": "Tamara", 
  "last_name": "Taylor", 
  "age": 30, 
  "innate": "imaginative, patient, kind", 
  "learned": "Tamara Taylor is a children's book author who loves to create stories that capture the imaginations of young readers. She is very patient and kind when it comes to her work.", 
  "currently": "Tamara Taylor lives with a housemate, Carmen Ortiz, and is working on a new series of children's books. She is also working on a comic book series for adults.", 
  "lifestyle": "Tamara Taylor goes to bed around 10pm, awakes up around 6am, eats dinner around 6pm.", 
  "living_area": "the Ville:Tamara Taylor and Carmen Ortiz's house:Tamara Taylor's room",
  "concept_forget": 100,
  "daily_reflection_time": 180,
  "daily_reflection_size": 5,
  "overlap_reflect_th": 4,
  "kw_strg_event_reflect_th": 10, 
  "kw_strg_thought_reflect_th": 9, 

  "recency_w": 1,
  "relevance_w": 1,
  "importance_w": 1,
  "recency_decay": 0.995,
  "importance_trigger_max": 250,
  "importance_trigger_curr": 250,
  "importance_ele_n": 0, 
  "thought_count": 5, 

  "daily_req": [], 
  "f_daily_schedule": [],
  "f_daily_schedule_hourly_org": [],
  "act_address": null, 
  "act_start_time": null, 
  "act_duration": null, 
  "act_description": null, 
  "act_pronunciatio": null, 
  "act_event": ["Tamara Taylor", null, null], 
  "act_obj_description": null, 
  "act_obj_pronunciatio": null, 
  "act_obj_event": [null, null, null], 
  "chatting_with": null, 
  "chat": null,
  "chatting_with_buffer": {}, 
  "chatting_end_time": null,
  "act_path_set": false, 
  "planned_path": []
}