{
  "vision_r": 8, 
  "att_bandwidth": 8, 
  "retention": 8, 
  "curr_time": null, 
  "curr_tile": null, 
  "daily_plan_req": "Tom Moreno opens The Willow Market and Pharmacy at 8am, stands behind the grocery counter, and goes home afterwards to eat dinner with his wife.", 
  "name": "Tom Moreno", 
  "first_name": "Tom", 
  "last_name": "Moreno", 
  "age": 52, 
  "innate": "rude, aggressive, energetic", 
  "learned": "Tom Moreno is a grocery shop keeper at The Willow Market and Pharmacy who loves interacting with customers. He is always willing to help out and make sure everyone is taken care of.", 
  "currently": "Tom Moreno is living with his wife, Jane Moreno, and is managing the day to day operations at the store and helping out customers with their orders. Tom is also really interested in the local mayor election that is coming up next month. You don't like Sam Moore.", 
  "lifestyle": "Tom Moreno goes to bed around 11pm, awakes up around 7am, eats dinner around 5pm.", 
  "living_area": "the Ville:Moreno family's house:Tom and Jane Moreno's bedroom",
  "concept_forget": 100,
  "daily_reflection_time": 180,
  "daily_reflection_size": 5,
  "overlap_reflect_th": 4,
  "kw_strg_event_reflect_th": 10, 
  "kw_strg_thought_reflect_th": 9, 

  "recency_w": 1,
  "relevance_w": 1,
  "importance_w": 1,
  "recency_decay": 0.995,
  "importance_trigger_max": 250,
  "importance_trigger_curr": 250,
  "importance_ele_n": 0, 
  "thought_count": 5, 

  "daily_req": [], 
  "f_daily_schedule": [],
  "f_daily_schedule_hourly_org": [],
  "act_address": null, 
  "act_start_time": null, 
  "act_duration": null, 
  "act_description": null, 
  "act_pronunciatio": null, 
  "act_event": ["Tom Moreno", null, null], 
  "act_obj_description": null, 
  "act_obj_pronunciatio": null, 
  "act_obj_event": [null, null, null], 
  "chatting_with": null, 
  "chat": null,
  "chatting_with_buffer": {}, 
  "chatting_end_time": null,
  "act_path_set": false, 
  "planned_path": []
}