{
  "vision_r": 8, 
  "att_bandwidth": 8, 
  "retention": 8, 
  "curr_time": null, 
  "curr_tile": null, 
  "daily_plan_req": "", 
  "name": "Adam Smith", 
  "first_name": "Adam", 
  "last_name": "Smith", 
  "age": 36, 
  "innate": "thoughtful, reflective, intellectual", 
  "learned": "Adam Smith is a philosopher who loves to explore different ideas. He is always looking for ways to challenge people’s preconceptions.", 
  "currently": "Adam Smith is writing a book about the importance of creativity and how it can shape the world. Adam is also curious about who will be running for the local mayor election next month.", 
  "lifestyle": "Adam Smith goes to bed around 8pm, awakes up around 4am, eats dinner around 5pm.", 
  "living_area": "the Ville:Adam Smith's house:main room",
  "concept_forget": 100,
  "daily_reflection_time": 180,
  "daily_reflection_size": 5,
  "overlap_reflect_th": 4,
  "kw_strg_event_reflect_th": 10, 
  "kw_strg_thought_reflect_th": 9, 

  "recency_w": 1,
  "relevance_w": 1,
  "importance_w": 1,
  "recency_decay": 0.995,
  "importance_trigger_max": 250,
  "importance_trigger_curr": 250,
  "importance_ele_n": 0, 
  "thought_count": 5, 
  
  "daily_req": [], 
  "f_daily_schedule": [],
  "f_daily_schedule_hourly_org": [],
  "act_address": null, 
  "act_start_time": null, 
  "act_duration": null, 
  "act_description": null, 
  "act_pronunciatio": null, 
  "act_event": ["Adam Smith", null, null], 
  "act_obj_description": null, 
  "act_obj_pronunciatio": null, 
  "act_obj_event": [null, null, null], 
  "chatting_with": null, 
  "chat": null,
  "chatting_with_buffer": {}, 
  "chatting_end_time": null,
  "act_path_set": false, 
  "planned_path": []
}