{
  "Latoya Williams": {
    "maze": "the_ville",
    "x": 16,
    "y": 18
  },
  "Rajiv Patel": {
    "maze": "the_ville",
    "x": 26,
    "y": 18
  },
  "Abigail Chen": {
    "maze": "the_ville",
    "x": 36,
    "y": 18
  },
  "Francisco Lopez": {
    "maze": "the_ville",
    "x": 16,
    "y": 32
  },
  "Hailey Johnson": {
    "maze": "the_ville",
    "x": 26,
    "y": 32
  },
  "Arthur Burton": {
    "maze": "the_ville",
    "x": 53,
    "y": 14
  },
  "Ryan Park": {
    "maze": "the_ville",
    "x": 65,
    "y": 19
  },
  "Isabella Rodriguez": {
    "maze": "the_ville",
    "x": 72,
    "y": 14
  },
  "Giorgio Rossi": {
    "maze": "the_ville",
    "x": 86,
    "y": 18
  },
  "Carlos Gomez": {
    "maze": "the_ville",
    "x": 94,
    "y": 18
  },
  "Klaus Mueller": {
    "maze": "the_ville",
    "x": 126,
    "y": 46
  },
  "Maria Lopez": {
    "maze": "the_ville",
    "x": 123,
    "y": 57
  },
  "Ayesha Khan": {
    "maze": "the_ville",
    "x": 118,
    "y": 61
  },
  "Wolfgang Schulz": {
    "maze": "the_ville",
    "x": 107,
    "y": 62
  },
  "Mei Lin": {
    "maze": "the_ville",
    "x": 90,
    "y": 74
  },
  "John Lin": {
    "maze": "the_ville",
    "x": 91,
    "y": 74
  },
  "Eddy Lin": {
    "maze": "the_ville",
    "x": 93,
    "y": 74
  },
  "Jane Moreno": {
    "maze": "the_ville",
    "x": 72,
    "y": 74
  },
  "Tom Moreno": {
    "maze": "the_ville",
    "x": 73,
    "y": 74
  },
  "Tamara Taylor": {
    "maze": "the_ville",
    "x": 54,
    "y": 74
  },
  "Carmen Ortiz": {
    "maze": "the_ville",
    "x": 57,
    "y": 74
  },
  "Adam Smith": {
    "maze": "the_ville",
    "x": 20,
    "y": 65
  }, 
  "Yuriko Yamamoto": {
    "maze": "the_ville",
    "x": 28,
    "y": 65
  },
  "Sam Moore": {
    "maze": "the_ville",
    "x": 36,
    "y": 65
  },
  "Jennifer Moore": {
    "maze": "the_ville",
    "x": 37,
    "y": 65
  }
}









